name,ticker,date,time,size,price
adidas Yeezy Boost 350 V2 Citrin (Kids),350V2-CTRNK,"Tuesday, June 29, 2021",11:01 PM EST,11K,$230
adidas Yeezy Boost 350 V2 Citrin (Kids),350V2-CTRNK,"Sunday, June 27, 2021",3:52 PM EST,11K,$230
adidas Yeezy Boost 350 V2 Citrin (Kids),350V2-CTRNK,"Thursday, June 24, 2021",7:33 PM EST,11K,$230
adidas Yeezy Boost 350 V2 Citrin (Kids),350V2-CTRNK,"Saturday, June 12, 2021",7:47 PM EST,11K,$230
adidas Yeezy Boost 350 V2 Citrin (Kids),350V2-CTRNK,"Saturday, June 12, 2021",6:13 AM EST,11K,$319
adidas Yeezy Boost 350 V2 Citrin (Kids),350V2-CTRNK,"Tuesday, June 8, 2021",6:16 AM EST,11K,$230
adidas Yeezy Boost 350 V2 Citrin (Kids),350V2-CTRNK,"Monday, June 7, 2021",3:05 PM EST,1,$237
adidas Yeezy Boost 350 V2 Citrin (Kids),350V2-CTRNK,"Monday, June 7, 2021",9:06 AM EST,11K,$230
adidas Yeezy Boost 350 V2 Citrin (Kids),350V2-CTRNK,"Saturday, June 5, 2021",2:27 AM EST,11K,$230
adidas Yeezy Boost 350 V2 Citrin (Kids),350V2-CTRNK,"Wednesday, May 12, 2021",1:04 PM EST,3,$398
adidas Yeezy Boost 350 V2 Citrin (Kids),350V2-CTRNK,"Monday, May 10, 2021",7:30 PM EST,11K,$230
adidas Yeezy Boost 350 V2 Citrin (Kids),350V2-CTRNK,"Monday, May 10, 2021",6:10 PM EST,2.5,$517
adidas Yeezy Boost 350 V2 Citrin (Kids),350V2-CTRNK,"Saturday, May 8, 2021",9:43 PM EST,2,$400
adidas Yeezy Boost 350 V2 Citrin (Kids),350V2-CTRNK,"Tuesday, May 4, 2021",1:05 AM EST,13K,$230
adidas Yeezy Boost 350 V2 Citrin (Kids),350V2-CTRNK,"Monday, May 3, 2021",2:15 AM EST,1.5,$415
adidas Yeezy Boost 350 V2 Citrin (Kids),350V2-CTRNK,"Friday, April 30, 2021",2:25 PM EST,12K,$230
adidas Yeezy Boost 350 V2 Citrin (Kids),350V2-CTRNK,"Thursday, April 29, 2021",10:24 PM EST,13K,$230
adidas Yeezy Boost 350 V2 Citrin (Kids),350V2-CTRNK,"Wednesday, April 28, 2021",11:46 PM EST,2,$439
adidas Yeezy Boost 350 V2 Citrin (Kids),350V2-CTRNK,"Wednesday, April 28, 2021",10:26 PM EST,2.5,$470
adidas Yeezy Boost 350 V2 Citrin (Kids),350V2-CTRNK,"Tuesday, April 27, 2021",5:30 PM EST,13K,$202
adidas Yeezy Boost 350 V2 Citrin (Kids),350V2-CTRNK,"Tuesday, April 27, 2021",5:29 PM EST,11K,$200
adidas Yeezy Boost 350 V2 Citrin (Kids),350V2-CTRNK,"Monday, April 26, 2021",6:08 PM EST,13K,$206
adidas Yeezy Boost 350 V2 Citrin (Kids),350V2-CTRNK,"Monday, April 26, 2021",3:41 PM EST,11K,$200
adidas Yeezy Boost 350 V2 Citrin (Kids),350V2-CTRNK,"Sunday, April 25, 2021",6:00 AM EST,12K,$230
adidas Yeezy Boost 350 V2 Citrin (Kids),350V2-CTRNK,"Friday, April 23, 2021",9:56 PM EST,13K,$208
adidas Yeezy Boost 350 V2 Citrin (Kids),350V2-CTRNK,"Friday, April 23, 2021",9:05 PM EST,12K,$217
adidas Yeezy Boost 350 V2 Citrin (Kids),350V2-CTRNK,"Friday, April 23, 2021",2:19 PM EST,12K,$211
adidas Yeezy Boost 350 V2 Citrin (Kids),350V2-CTRNK,"Friday, April 23, 2021",2:19 PM EST,13K,$215
adidas Yeezy Boost 350 V2 Citrin (Kids),350V2-CTRNK,"Friday, April 23, 2021",2:19 PM EST,12K,$215
adidas Yeezy Boost 350 V2 Citrin (Kids),350V2-CTRNK,"Friday, April 23, 2021",2:18 PM EST,13K,$220
adidas Yeezy Boost 350 V2 Citrin (Kids),350V2-CTRNK,"Thursday, April 22, 2021",12:56 AM EST,13K,$230
adidas Yeezy Boost 350 V2 Citrin (Kids),350V2-CTRNK,"Thursday, April 22, 2021",11:33 AM EST,12K,$230
adidas Yeezy Boost 350 V2 Citrin (Kids),350V2-CTRNK,"Wednesday, April 21, 2021",4:33 PM EST,12K,$230
adidas Yeezy Boost 350 V2 Citrin (Kids),350V2-CTRNK,"Wednesday, April 21, 2021",4:33 PM EST,13K,$230
adidas Yeezy Boost 350 V2 Citrin (Kids),350V2-CTRNK,"Wednesday, April 21, 2021",12:55 PM EST,13K,$230
adidas Yeezy Boost 350 V2 Citrin (Kids),350V2-CTRNK,"Wednesday, April 21, 2021",12:23 PM EST,12K,$230
adidas Yeezy Boost 350 V2 Citrin (Kids),350V2-CTRNK,"Tuesday, April 20, 2021",10:17 PM EST,13K,$230
adidas Yeezy Boost 350 V2 Citrin (Kids),350V2-CTRNK,"Tuesday, April 20, 2021",5:25 PM EST,12K,$230
adidas Yeezy Boost 350 V2 Citrin (Kids),350V2-CTRNK,"Tuesday, April 20, 2021",5:24 PM EST,13K,$230
adidas Yeezy Boost 350 V2 Citrin (Kids),350V2-CTRNK,"Tuesday, April 20, 2021",1:41 PM EST,12K,$220
adidas Yeezy Boost 350 V2 Citrin (Kids),350V2-CTRNK,"Monday, April 19, 2021",9:59 PM EST,13K,$230
adidas Yeezy Boost 350 V2 Citrin (Kids),350V2-CTRNK,"Thursday, April 15, 2021",10:00 AM EST,13K,$276
adidas Yeezy Boost 350 V2 Citrin (Kids),350V2-CTRNK,"Tuesday, April 13, 2021",8:28 PM EST,13.5K,$484
adidas Yeezy Boost 350 V2 Citrin (Kids),350V2-CTRNK,"Monday, April 12, 2021",8:02 AM EST,13K,$230
adidas Yeezy Boost 350 V2 Citrin (Kids),350V2-CTRNK,"Friday, April 9, 2021",12:07 AM EST,12.5K,$167
adidas Yeezy Boost 350 V2 Citrin (Kids),350V2-CTRNK,"Friday, April 9, 2021",3:27 AM EST,12K,$230
adidas Yeezy Boost 350 V2 Citrin (Kids),350V2-CTRNK,"Friday, April 9, 2021",3:27 AM EST,13K,$230
adidas Yeezy Boost 350 V2 Citrin (Kids),350V2-CTRNK,"Thursday, April 8, 2021",12:29 PM EST,13.5K,$550
adidas Yeezy Boost 350 V2 Citrin (Kids),350V2-CTRNK,"Saturday, April 3, 2021",10:06 AM EST,13K,$230
adidas Yeezy Boost 350 V2 Citrin (Kids),350V2-CTRNK,"Friday, April 2, 2021",11:22 AM EST,12K,$304
adidas Yeezy Boost 350 V2 Citrin (Kids),350V2-CTRNK,"Wednesday, March 31, 2021",10:46 PM EST,13K,$230
adidas Yeezy Boost 350 V2 Citrin (Kids),350V2-CTRNK,"Wednesday, March 31, 2021",2:49 PM EST,2,$400
adidas Yeezy Boost 350 V2 Citrin (Kids),350V2-CTRNK,"Tuesday, March 30, 2021",2:44 PM EST,13K,$230
adidas Yeezy Boost 350 V2 Citrin (Kids),350V2-CTRNK,"Monday, March 29, 2021",7:20 PM EST,12.5K,$167
adidas Yeezy Boost 350 V2 Citrin (Kids),350V2-CTRNK,"Monday, March 29, 2021",11:40 AM EST,13K,$230
adidas Yeezy Boost 350 V2 Citrin (Kids),350V2-CTRNK,"Sunday, March 28, 2021",2:30 PM EST,13K,$202
adidas Yeezy Boost 350 V2 Citrin (Kids),350V2-CTRNK,"Saturday, March 27, 2021",1:07 PM EST,13.5K,$230
adidas Yeezy Boost 350 V2 Citrin (Kids),350V2-CTRNK,"Saturday, March 27, 2021",1:07 PM EST,13K,$230
adidas Yeezy Boost 350 V2 Citrin (Kids),350V2-CTRNK,"Saturday, March 27, 2021",12:31 PM EST,12K,$230
adidas Yeezy Boost 350 V2 Citrin (Kids),350V2-CTRNK,"Friday, March 26, 2021",11:57 AM EST,12K,$230
adidas Yeezy Boost 350 V2 Citrin (Kids),350V2-CTRNK,"Friday, March 26, 2021",10:32 AM EST,1.5,$331
adidas Yeezy Boost 350 V2 Citrin (Kids),350V2-CTRNK,"Thursday, March 25, 2021",4:30 PM EST,1,$294
adidas Yeezy Boost 350 V2 Citrin (Kids),350V2-CTRNK,"Wednesday, March 24, 2021",8:05 PM EST,13K,$230
adidas Yeezy Boost 350 V2 Citrin (Kids),350V2-CTRNK,"Wednesday, March 24, 2021",12:15 PM EST,11K,$230
adidas Yeezy Boost 350 V2 Citrin (Kids),350V2-CTRNK,"Monday, March 22, 2021",11:08 PM EST,13.5K,$230
adidas Yeezy Boost 350 V2 Citrin (Kids),350V2-CTRNK,"Sunday, March 21, 2021",11:59 PM EST,2,$350
adidas Yeezy Boost 350 V2 Citrin (Kids),350V2-CTRNK,"Friday, March 19, 2021",3:41 PM EST,13K,$318
adidas Yeezy Boost 350 V2 Citrin (Kids),350V2-CTRNK,"Thursday, March 18, 2021",9:00 PM EST,11K,$407
adidas Yeezy Boost 350 V2 Citrin (Kids),350V2-CTRNK,"Tuesday, March 16, 2021",4:45 PM EST,2,$305
adidas Yeezy Boost 350 V2 Citrin (Kids),350V2-CTRNK,"Tuesday, March 16, 2021",11:53 AM EST,13K,$295
adidas Yeezy Boost 350 V2 Citrin (Kids),350V2-CTRNK,"Monday, March 15, 2021",8:54 AM EST,13.5K,$412
adidas Yeezy Boost 350 V2 Citrin (Kids),350V2-CTRNK,"Sunday, March 14, 2021",10:26 AM EST,11K,$321
adidas Yeezy Boost 350 V2 Citrin (Kids),350V2-CTRNK,"Friday, March 12, 2021",1:18 AM EST,13K,$215
adidas Yeezy Boost 350 V2 Citrin (Kids),350V2-CTRNK,"Wednesday, March 10, 2021",9:47 AM EST,3,$450
adidas Yeezy Boost 350 V2 Citrin (Kids),350V2-CTRNK,"Wednesday, March 10, 2021",4:02 AM EST,13K,$249
adidas Yeezy Boost 350 V2 Citrin (Kids),350V2-CTRNK,"Sunday, March 7, 2021",10:13 AM EST,12K,$302
adidas Yeezy Boost 350 V2 Citrin (Kids),350V2-CTRNK,"Saturday, March 6, 2021",9:32 PM EST,3,$440
adidas Yeezy Boost 350 V2 Citrin (Kids),350V2-CTRNK,"Friday, March 5, 2021",10:49 AM EST,11K,$302
adidas Yeezy Boost 350 V2 Citrin (Kids),350V2-CTRNK,"Monday, March 1, 2021",10:32 AM EST,12K,$202
adidas Yeezy Boost 350 V2 Citrin (Kids),350V2-CTRNK,"Monday, March 1, 2021",10:32 AM EST,11K,$200
adidas Yeezy Boost 350 V2 Citrin (Kids),350V2-CTRNK,"Monday, March 1, 2021",10:31 AM EST,13K,$230
adidas Yeezy Boost 350 V2 Citrin (Kids),350V2-CTRNK,"Monday, March 1, 2021",10:30 AM EST,13.5K,$300
adidas Yeezy Boost 350 V2 Citrin (Kids),350V2-CTRNK,"Monday, March 1, 2021",10:30 AM EST,11K,$250
adidas Yeezy Boost 350 V2 Citrin (Kids),350V2-CTRNK,"Monday, March 1, 2021",1:43 AM EST,12K,$250
adidas Yeezy Boost 350 V2 Citrin (Kids),350V2-CTRNK,"Sunday, February 28, 2021",11:20 AM EST,1,$310
adidas Yeezy Boost 350 V2 Citrin (Kids),350V2-CTRNK,"Friday, February 26, 2021",10:24 PM EST,2,$283
adidas Yeezy Boost 350 V2 Citrin (Kids),350V2-CTRNK,"Tuesday, February 23, 2021",3:49 PM EST,13K,$230
adidas Yeezy Boost 350 V2 Citrin (Kids),350V2-CTRNK,"Monday, February 22, 2021",5:36 PM EST,11K,$250
adidas Yeezy Boost 350 V2 Citrin (Kids),350V2-CTRNK,"Monday, February 22, 2021",2:59 PM EST,1,$262
adidas Yeezy Boost 350 V2 Citrin (Kids),350V2-CTRNK,"Saturday, February 20, 2021",4:21 PM EST,2,$252
adidas Yeezy Boost 350 V2 Citrin (Kids),350V2-CTRNK,"Thursday, February 18, 2021",10:07 AM EST,11.5K,$328
adidas Yeezy Boost 350 V2 Citrin (Kids),350V2-CTRNK,"Tuesday, February 16, 2021",6:30 PM EST,2,$233
adidas Yeezy Boost 350 V2 Citrin (Kids),350V2-CTRNK,"Monday, February 15, 2021",12:49 PM EST,1.5,$380
adidas Yeezy Boost 350 V2 Citrin (Kids),350V2-CTRNK,"Saturday, February 13, 2021",8:58 PM EST,13K,$227
adidas Yeezy Boost 350 V2 Citrin (Kids),350V2-CTRNK,"Thursday, February 11, 2021",8:03 PM EST,1,$230
adidas Yeezy Boost 350 V2 Citrin (Kids),350V2-CTRNK,"Thursday, February 11, 2021",5:13 PM EST,2,$231
adidas Yeezy Boost 350 V2 Citrin (Kids),350V2-CTRNK,"Monday, February 8, 2021",3:30 PM EST,13.5K,$280
adidas Yeezy Boost 350 V2 Citrin (Kids),350V2-CTRNK,"Friday, February 5, 2021",12:08 PM EST,1,$220
adidas Yeezy Boost 350 V2 Citrin (Kids),350V2-CTRNK,"Thursday, February 4, 2021",7:44 PM EST,2.5,$474
adidas Yeezy Boost 350 V2 Citrin (Kids),350V2-CTRNK,"Thursday, January 28, 2021",3:40 AM EST,2.5,$474
adidas Yeezy Boost 350 V2 Citrin (Kids),350V2-CTRNK,"Monday, January 25, 2021",8:23 AM EST,13K,$230
adidas Yeezy Boost 350 V2 Citrin (Kids),350V2-CTRNK,"Sunday, January 24, 2021",2:48 PM EST,2,$300
adidas Yeezy Boost 350 V2 Citrin (Kids),350V2-CTRNK,"Sunday, January 24, 2021",12:32 PM EST,13K,$232
adidas Yeezy Boost 350 V2 Citrin (Kids),350V2-CTRNK,"Sunday, January 24, 2021",7:15 AM EST,11.5K,$254
adidas Yeezy Boost 350 V2 Citrin (Kids),350V2-CTRNK,"Saturday, January 23, 2021",3:56 PM EST,11K,$279
adidas Yeezy Boost 350 V2 Citrin (Kids),350V2-CTRNK,"Thursday, January 21, 2021",9:24 AM EST,2,$240
adidas Yeezy Boost 350 V2 Citrin (Kids),350V2-CTRNK,"Wednesday, January 20, 2021",5:36 PM EST,3,$498
adidas Yeezy Boost 350 V2 Citrin (Kids),350V2-CTRNK,"Friday, January 15, 2021",10:34 AM EST,13K,$232
adidas Yeezy Boost 350 V2 Citrin (Kids),350V2-CTRNK,"Saturday, January 9, 2021",12:10 PM EST,12K,$265
adidas Yeezy Boost 350 V2 Citrin (Kids),350V2-CTRNK,"Wednesday, January 6, 2021",10:11 PM EST,1.5,$375
adidas Yeezy Boost 350 V2 Citrin (Kids),350V2-CTRNK,"Monday, January 4, 2021",10:28 PM EST,12.5K,$344
adidas Yeezy Boost 350 V2 Citrin (Kids),350V2-CTRNK,"Saturday, January 2, 2021",11:02 PM EST,1.5,$344
adidas Yeezy Boost 350 V2 Citrin (Kids),350V2-CTRNK,"Friday, January 1, 2021",3:17 PM EST,1.5,$325
adidas Yeezy Boost 350 V2 Citrin (Kids),350V2-CTRNK,"Friday, January 1, 2021",3:15 PM EST,12K,$344
adidas Yeezy Boost 350 V2 Citrin (Kids),350V2-CTRNK,"Thursday, December 31, 2020",6:14 AM EST,12K,$320
adidas Yeezy Boost 350 V2 Citrin (Kids),350V2-CTRNK,"Sunday, December 27, 2020",8:23 PM EST,2,$360
adidas Yeezy Boost 350 V2 Citrin (Kids),350V2-CTRNK,"Sunday, December 27, 2020",4:56 PM EST,10.5K,$370
adidas Yeezy Boost 350 V2 Citrin (Kids),350V2-CTRNK,"Thursday, December 24, 2020",3:28 AM EST,1,$240
adidas Yeezy Boost 350 V2 Citrin (Kids),350V2-CTRNK,"Saturday, December 19, 2020",11:58 PM EST,1.5,$318
adidas Yeezy Boost 350 V2 Citrin (Kids),350V2-CTRNK,"Wednesday, December 16, 2020",3:23 PM EST,1,$240
adidas Yeezy Boost 350 V2 Citrin (Kids),350V2-CTRNK,"Monday, December 14, 2020",5:25 PM EST,1.5,$317
adidas Yeezy Boost 350 V2 Citrin (Kids),350V2-CTRNK,"Thursday, December 10, 2020",7:44 AM EST,3,$497
adidas Yeezy Boost 350 V2 Citrin (Kids),350V2-CTRNK,"Tuesday, December 8, 2020",11:40 PM EST,1,$240
adidas Yeezy Boost 350 V2 Citrin (Kids),350V2-CTRNK,"Tuesday, December 8, 2020",2:34 AM EST,1,$240
adidas Yeezy Boost 350 V2 Citrin (Kids),350V2-CTRNK,"Monday, December 7, 2020",3:40 PM EST,1,$240
adidas Yeezy Boost 350 V2 Citrin (Kids),350V2-CTRNK,"Monday, December 7, 2020",9:03 AM EST,13K,$230
adidas Yeezy Boost 350 V2 Citrin (Kids),350V2-CTRNK,"Saturday, December 5, 2020",7:08 PM EST,13K,$229
adidas Yeezy Boost 350 V2 Citrin (Kids),350V2-CTRNK,"Saturday, December 5, 2020",1:30 PM EST,1,$240
adidas Yeezy Boost 350 V2 Citrin (Kids),350V2-CTRNK,"Wednesday, December 2, 2020",12:36 PM EST,12K,$291
adidas Yeezy Boost 350 V2 Citrin (Kids),350V2-CTRNK,"Saturday, November 28, 2020",3:36 AM EST,2,$253
adidas Yeezy Boost 350 V2 Citrin (Kids),350V2-CTRNK,"Saturday, November 28, 2020",1:51 AM EST,12K,$285
adidas Yeezy Boost 350 V2 Citrin (Kids),350V2-CTRNK,"Wednesday, November 25, 2020",12:06 AM EST,1,$239
adidas Yeezy Boost 350 V2 Citrin (Kids),350V2-CTRNK,"Thursday, November 12, 2020",4:11 PM EST,13.5K,$220
adidas Yeezy Boost 350 V2 Citrin (Kids),350V2-CTRNK,"Monday, November 9, 2020",10:17 PM EST,11.5K,$220
adidas Yeezy Boost 350 V2 Citrin (Kids),350V2-CTRNK,"Thursday, November 5, 2020",10:57 AM EST,3,$457
adidas Yeezy Boost 350 V2 Citrin (Kids),350V2-CTRNK,"Wednesday, November 4, 2020",10:26 AM EST,1.5,$332
adidas Yeezy Boost 350 V2 Citrin (Kids),350V2-CTRNK,"Monday, November 2, 2020",2:22 PM EST,2,$240
adidas Yeezy Boost 350 V2 Citrin (Kids),350V2-CTRNK,"Sunday, November 1, 2020",5:40 PM EST,13K,$234
adidas Yeezy Boost 350 V2 Citrin (Kids),350V2-CTRNK,"Monday, October 26, 2020",9:26 PM EST,3,$275
adidas Yeezy Boost 350 V2 Citrin (Kids),350V2-CTRNK,"Monday, October 26, 2020",9:25 PM EST,3,$274
adidas Yeezy Boost 350 V2 Citrin (Kids),350V2-CTRNK,"Monday, October 26, 2020",8:37 PM EST,3,$273
adidas Yeezy Boost 350 V2 Citrin (Kids),350V2-CTRNK,"Monday, October 26, 2020",2:07 PM EST,3,$272
adidas Yeezy Boost 350 V2 Citrin (Kids),350V2-CTRNK,"Sunday, October 25, 2020",8:16 PM EST,1.5,$240
adidas Yeezy Boost 350 V2 Citrin (Kids),350V2-CTRNK,"Sunday, October 25, 2020",3:47 PM EST,13K,$235
adidas Yeezy Boost 350 V2 Citrin (Kids),350V2-CTRNK,"Saturday, October 17, 2020",9:12 PM EST,1.5,$190
adidas Yeezy Boost 350 V2 Citrin (Kids),350V2-CTRNK,"Friday, October 16, 2020",12:14 AM EST,3,$242
adidas Yeezy Boost 350 V2 Citrin (Kids),350V2-CTRNK,"Friday, October 16, 2020",5:29 PM EST,1.5,$190
adidas Yeezy Boost 350 V2 Citrin (Kids),350V2-CTRNK,"Wednesday, October 14, 2020",11:47 AM EST,3,$272
adidas Yeezy Boost 350 V2 Citrin (Kids),350V2-CTRNK,"Wednesday, October 14, 2020",1:13 AM EST,2,$267
adidas Yeezy Boost 350 V2 Citrin (Kids),350V2-CTRNK,"Tuesday, October 13, 2020",5:28 PM EST,3,$268
adidas Yeezy Boost 350 V2 Citrin (Kids),350V2-CTRNK,"Tuesday, October 13, 2020",4:54 PM EST,3,$250
adidas Yeezy Boost 350 V2 Citrin (Kids),350V2-CTRNK,"Monday, October 12, 2020",2:15 PM EST,3,$286
adidas Yeezy Boost 350 V2 Citrin (Kids),350V2-CTRNK,"Thursday, October 8, 2020",11:39 AM EST,1.5,$217
adidas Yeezy Boost 350 V2 Citrin (Kids),350V2-CTRNK,"Thursday, October 8, 2020",11:38 AM EST,1,$215
adidas Yeezy Boost 350 V2 Citrin (Kids),350V2-CTRNK,"Thursday, October 8, 2020",11:37 AM EST,13K,$250
adidas Yeezy Boost 350 V2 Citrin (Kids),350V2-CTRNK,"Thursday, October 8, 2020",11:37 AM EST,11.5K,$220
adidas Yeezy Boost 350 V2 Citrin (Kids),350V2-CTRNK,"Tuesday, October 6, 2020",11:43 AM EST,2,$180
adidas Yeezy Boost 350 V2 Citrin (Kids),350V2-CTRNK,"Tuesday, October 6, 2020",11:14 AM EST,2,$181
adidas Yeezy Boost 350 V2 Citrin (Kids),350V2-CTRNK,"Monday, October 5, 2020",9:24 PM EST,3,$202
adidas Yeezy Boost 350 V2 Citrin (Kids),350V2-CTRNK,"Monday, October 5, 2020",6:12 PM EST,3,$202
adidas Yeezy Boost 350 V2 Citrin (Kids),350V2-CTRNK,"Monday, October 5, 2020",6:12 PM EST,3,$203
adidas Yeezy Boost 350 V2 Citrin (Kids),350V2-CTRNK,"Monday, October 5, 2020",3:13 PM EST,2,$411
adidas Yeezy Boost 350 V2 Citrin (Kids),350V2-CTRNK,"Monday, October 5, 2020",12:43 PM EST,3,$202
adidas Yeezy Boost 350 V2 Citrin (Kids),350V2-CTRNK,"Monday, October 5, 2020",12:43 PM EST,3,$233
adidas Yeezy Boost 350 V2 Citrin (Kids),350V2-CTRNK,"Monday, October 5, 2020",12:42 PM EST,3,$235
adidas Yeezy Boost 350 V2 Citrin (Kids),350V2-CTRNK,"Friday, September 25, 2020",2:09 AM EST,11K,$350
adidas Yeezy Boost 350 V2 Citrin (Kids),350V2-CTRNK,"Thursday, September 24, 2020",2:38 PM EST,3,$200
adidas Yeezy Boost 350 V2 Citrin (Kids),350V2-CTRNK,"Wednesday, September 23, 2020",6:56 PM EST,10.5K,$205
adidas Yeezy Boost 350 V2 Citrin (Kids),350V2-CTRNK,"Wednesday, September 23, 2020",6:55 PM EST,1.5,$240
adidas Yeezy Boost 350 V2 Citrin (Kids),350V2-CTRNK,"Wednesday, September 23, 2020",6:54 PM EST,3,$285
adidas Yeezy Boost 350 V2 Citrin (Kids),350V2-CTRNK,"Tuesday, September 22, 2020",8:57 AM EST,3,$378
adidas Yeezy Boost 350 V2 Citrin (Kids),350V2-CTRNK,"Tuesday, September 22, 2020",3:06 AM EST,12K,$416
adidas Yeezy Boost 350 V2 Citrin (Kids),350V2-CTRNK,"Monday, September 21, 2020",11:26 AM EST,2.5,$241
adidas Yeezy Boost 350 V2 Citrin (Kids),350V2-CTRNK,"Monday, September 21, 2020",11:25 AM EST,12K,$220
adidas Yeezy Boost 350 V2 Citrin (Kids),350V2-CTRNK,"Monday, September 21, 2020",11:24 AM EST,12K,$221
adidas Yeezy Boost 350 V2 Citrin (Kids),350V2-CTRNK,"Monday, September 21, 2020",11:24 AM EST,3,$306
adidas Yeezy Boost 350 V2 Citrin (Kids),350V2-CTRNK,"Monday, September 21, 2020",11:24 AM EST,3,$307
adidas Yeezy Boost 350 V2 Citrin (Kids),350V2-CTRNK,"Monday, September 21, 2020",11:23 AM EST,3.5,$311
adidas Yeezy Boost 350 V2 Citrin (Kids),350V2-CTRNK,"Monday, September 21, 2020",11:22 AM EST,3.5,$380
adidas Yeezy Boost 350 V2 Citrin (Kids),350V2-CTRNK,"Sunday, September 20, 2020",12:10 PM EST,3,$379
adidas Yeezy Boost 350 V2 Citrin (Kids),350V2-CTRNK,"Sunday, September 13, 2020",1:36 PM EST,3,$306
adidas Yeezy Boost 350 V2 Citrin (Kids),350V2-CTRNK,"Wednesday, September 9, 2020",7:59 PM EST,3,$439
adidas Yeezy Boost 350 V2 Citrin (Kids),350V2-CTRNK,"Monday, September 7, 2020",2:30 PM EST,3,$306
adidas Yeezy Boost 350 V2 Citrin (Kids),350V2-CTRNK,"Thursday, September 3, 2020",4:25 AM EST,11.5K,$360
adidas Yeezy Boost 350 V2 Citrin (Kids),350V2-CTRNK,"Monday, August 31, 2020",4:37 AM EST,12K,$358
adidas Yeezy Boost 350 V2 Citrin (Kids),350V2-CTRNK,"Sunday, August 30, 2020",7:05 AM EST,2,$425
adidas Yeezy Boost 350 V2 Citrin (Kids),350V2-CTRNK,"Friday, August 28, 2020",6:14 AM EST,12K,$238
adidas Yeezy Boost 350 V2 Citrin (Kids),350V2-CTRNK,"Thursday, August 27, 2020",7:16 AM EST,1,$325
adidas Yeezy Boost 350 V2 Citrin (Kids),350V2-CTRNK,"Wednesday, August 12, 2020",8:42 PM EST,3,$450
adidas Yeezy Boost 350 V2 Citrin (Kids),350V2-CTRNK,"Tuesday, August 4, 2020",6:41 AM EST,10.5K,$339
adidas Yeezy Boost 350 V2 Citrin (Kids),350V2-CTRNK,"Saturday, August 1, 2020",8:09 AM EST,2.5,$599
adidas Yeezy Boost 350 V2 Citrin (Kids),350V2-CTRNK,"Saturday, August 1, 2020",8:05 AM EST,2,$426
adidas Yeezy Boost 350 V2 Citrin (Kids),350V2-CTRNK,"Friday, July 31, 2020",8:09 PM EST,13K,$350
adidas Yeezy Boost 350 V2 Citrin (Kids),350V2-CTRNK,"Thursday, July 30, 2020",6:14 PM EST,11K,$258
adidas Yeezy Boost 350 V2 Citrin (Kids),350V2-CTRNK,"Monday, July 27, 2020",12:59 AM EST,3,$470
adidas Yeezy Boost 350 V2 Citrin (Kids),350V2-CTRNK,"Monday, July 27, 2020",11:32 AM EST,2.5,$390
adidas Yeezy Boost 350 V2 Citrin (Kids),350V2-CTRNK,"Monday, July 20, 2020",1:54 PM EST,3,$400
adidas Yeezy Boost 350 V2 Citrin (Kids),350V2-CTRNK,"Thursday, July 16, 2020",1:51 PM EST,12K,$331
adidas Yeezy Boost 350 V2 Citrin (Kids),350V2-CTRNK,"Monday, July 6, 2020",7:56 AM EST,12K,$300
adidas Yeezy Boost 350 V2 Citrin (Kids),350V2-CTRNK,"Saturday, July 4, 2020",3:43 PM EST,3,$350
adidas Yeezy Boost 350 V2 Citrin (Kids),350V2-CTRNK,"Friday, July 3, 2020",2:04 PM EST,12K,$230
adidas Yeezy Boost 350 V2 Citrin (Kids),350V2-CTRNK,"Thursday, July 2, 2020",8:39 PM EST,2,$265
adidas Yeezy Boost 350 V2 Citrin (Kids),350V2-CTRNK,"Wednesday, July 1, 2020",9:04 PM EST,12K,$295
adidas Yeezy Boost 350 V2 Citrin (Kids),350V2-CTRNK,"Wednesday, July 1, 2020",4:33 PM EST,1,$310
adidas Yeezy Boost 350 V2 Citrin (Kids),350V2-CTRNK,"Tuesday, June 30, 2020",2:40 AM EST,11K,$262
adidas Yeezy Boost 350 V2 Citrin (Kids),350V2-CTRNK,"Monday, June 29, 2020",11:32 AM EST,1,$248
adidas Yeezy Boost 350 V2 Citrin (Kids),350V2-CTRNK,"Monday, June 29, 2020",9:03 AM EST,11.5K,$281
adidas Yeezy Boost 350 V2 Citrin (Kids),350V2-CTRNK,"Saturday, June 27, 2020",5:03 PM EST,11.5K,$247
adidas Yeezy Boost 350 V2 Citrin (Kids),350V2-CTRNK,"Thursday, June 25, 2020",4:14 PM EST,1,$230
adidas Yeezy Boost 350 V2 Citrin (Kids),350V2-CTRNK,"Wednesday, June 24, 2020",2:32 AM EST,2,$265
adidas Yeezy Boost 350 V2 Citrin (Kids),350V2-CTRNK,"Tuesday, June 16, 2020",10:29 PM EST,1,$190
adidas Yeezy Boost 350 V2 Citrin (Kids),350V2-CTRNK,"Tuesday, June 16, 2020",7:32 PM EST,1,$230
adidas Yeezy Boost 350 V2 Citrin (Kids),350V2-CTRNK,"Friday, June 12, 2020",11:54 AM EST,1,$228
adidas Yeezy Boost 350 V2 Citrin (Kids),350V2-CTRNK,"Wednesday, June 10, 2020",1:14 PM EST,12.5K,$178
adidas Yeezy Boost 350 V2 Citrin (Kids),350V2-CTRNK,"Monday, June 8, 2020",8:11 PM EST,1,$200
adidas Yeezy Boost 350 V2 Citrin (Kids),350V2-CTRNK,"Thursday, June 4, 2020",9:51 PM EST,3,$466
adidas Yeezy Boost 350 V2 Citrin (Kids),350V2-CTRNK,"Monday, June 1, 2020",8:51 AM EST,3,$350
adidas Yeezy Boost 350 V2 Citrin (Kids),350V2-CTRNK,"Saturday, May 30, 2020",5:23 PM EST,2.5,$495
adidas Yeezy Boost 350 V2 Citrin (Kids),350V2-CTRNK,"Friday, May 29, 2020",7:44 PM EST,12K,$280
adidas Yeezy Boost 350 V2 Citrin (Kids),350V2-CTRNK,"Friday, May 29, 2020",5:34 AM EST,10.5K,$209
adidas Yeezy Boost 350 V2 Citrin (Kids),350V2-CTRNK,"Wednesday, May 27, 2020",8:57 PM EST,11.5K,$225
adidas Yeezy Boost 350 V2 Citrin (Kids),350V2-CTRNK,"Monday, May 25, 2020",8:45 PM EST,12K,$300
adidas Yeezy Boost 350 V2 Citrin (Kids),350V2-CTRNK,"Monday, May 25, 2020",12:13 PM EST,11K,$263
adidas Yeezy Boost 350 V2 Citrin (Kids),350V2-CTRNK,"Thursday, May 21, 2020",10:58 AM EST,13K,$297
adidas Yeezy Boost 350 V2 Citrin (Kids),350V2-CTRNK,"Thursday, May 21, 2020",1:57 AM EST,11.5K,$220
adidas Yeezy Boost 350 V2 Citrin (Kids),350V2-CTRNK,"Wednesday, May 13, 2020",11:07 PM EST,2,$201
adidas Yeezy Boost 350 V2 Citrin (Kids),350V2-CTRNK,"Friday, May 8, 2020",8:36 PM EST,3.5,$450
adidas Yeezy Boost 350 V2 Citrin (Kids),350V2-CTRNK,"Wednesday, May 6, 2020",10:36 PM EST,1,$305
adidas Yeezy Boost 350 V2 Citrin (Kids),350V2-CTRNK,"Wednesday, May 6, 2020",9:34 PM EST,3,$398
adidas Yeezy Boost 350 V2 Citrin (Kids),350V2-CTRNK,"Wednesday, May 6, 2020",12:12 PM EST,3,$395
adidas Yeezy Boost 350 V2 Citrin (Kids),350V2-CTRNK,"Tuesday, May 5, 2020",4:46 AM EST,13K,$276
adidas Yeezy Boost 350 V2 Citrin (Kids),350V2-CTRNK,"Tuesday, May 5, 2020",4:41 AM EST,12K,$331
adidas Yeezy Boost 350 V2 Citrin (Kids),350V2-CTRNK,"Monday, May 4, 2020",6:30 PM EST,1.5,$240
adidas Yeezy Boost 350 V2 Citrin (Kids),350V2-CTRNK,"Thursday, April 30, 2020",4:20 PM EST,1.5,$238
adidas Yeezy Boost 350 V2 Citrin (Kids),350V2-CTRNK,"Tuesday, April 28, 2020",5:42 PM EST,2,$212
adidas Yeezy Boost 350 V2 Citrin (Kids),350V2-CTRNK,"Tuesday, April 28, 2020",8:55 AM EST,1.5,$235
adidas Yeezy Boost 350 V2 Citrin (Kids),350V2-CTRNK,"Saturday, April 25, 2020",2:30 PM EST,2,$200
adidas Yeezy Boost 350 V2 Citrin (Kids),350V2-CTRNK,"Friday, April 24, 2020",8:37 PM EST,13.5K,$250
adidas Yeezy Boost 350 V2 Citrin (Kids),350V2-CTRNK,"Friday, April 24, 2020",8:35 PM EST,2,$210
adidas Yeezy Boost 350 V2 Citrin (Kids),350V2-CTRNK,"Friday, April 17, 2020",3:26 PM EST,13K,$271
adidas Yeezy Boost 350 V2 Citrin (Kids),350V2-CTRNK,"Friday, April 17, 2020",9:32 AM EST,2.5,$358
adidas Yeezy Boost 350 V2 Citrin (Kids),350V2-CTRNK,"Thursday, April 16, 2020",6:00 PM EST,2,$196
adidas Yeezy Boost 350 V2 Citrin (Kids),350V2-CTRNK,"Tuesday, April 14, 2020",2:23 PM EST,2,$200
adidas Yeezy Boost 350 V2 Citrin (Kids),350V2-CTRNK,"Tuesday, April 14, 2020",8:56 AM EST,3,$445
adidas Yeezy Boost 350 V2 Citrin (Kids),350V2-CTRNK,"Monday, April 6, 2020",10:58 AM EST,11.5K,$250
adidas Yeezy Boost 350 V2 Citrin (Kids),350V2-CTRNK,"Friday, April 3, 2020",10:47 AM EST,3,$400
adidas Yeezy Boost 350 V2 Citrin (Kids),350V2-CTRNK,"Wednesday, April 1, 2020",3:03 PM EST,2.5,$225
adidas Yeezy Boost 350 V2 Citrin (Kids),350V2-CTRNK,"Monday, March 30, 2020",4:48 PM EST,2,$210
adidas Yeezy Boost 350 V2 Citrin (Kids),350V2-CTRNK,"Wednesday, March 25, 2020",12:08 PM EST,2.5,$269
adidas Yeezy Boost 350 V2 Citrin (Kids),350V2-CTRNK,"Sunday, March 22, 2020",1:28 PM EST,2.5,$250
