url,name,ticker,image_path,release_date,retail_price,style_code,colorway
https://stockx.com/adidas-yeezy-boost-700-mnvn-blue-tint,adidas Yeezy Boost 700 MNVN Blue Tint,ADI-ADYB7MBBT,a/images/sneakers/adidas/yeezy/ADI-ADYB7MBBT.jpg,07/05/2021,$220,GZ0711,BLUE TINT/BLACK
https://stockx.com/adidas-yeezy-450-dark-slate,adidas Yeezy 450 Dark Slate,ADI-ADY4DSDD,a/images/sneakers/adidas/yeezy/ADI-ADY4DSDD.jpg,06/26/2021,$200,GY5368,DARK SLATE/DARK SLATE
https://stockx.com/adidas-yeezy-boost-350-v2-mono-cinder,adidas Yeezy Boost 350 V2 Mono Cinder,ADI-ADYB3VMC,a/images/sneakers/adidas/yeezy/ADI-ADYB3VMC.jpg,06/24/2021,$220,GX3791,MONO CINDER/MONO CINDER/MONO CINDER
https://stockx.com/adidas-yeezy-slide-enflame-orange,adidas Yeezy Slide Enflame Orange,ADI-ADYSOOO,a/images/sneakers/adidas/yeezy/ADI-ADYSOOO.jpg,06/21/2021,$60,GZ0953,ENFLAME ORANGE/ENFLAME ORANGE/ENFLAME ORANGE
https://stockx.com/adidas-yeezy-boost-350-v2-mono-ice,adidas Yeezy Boost 350 V2 Mono Ice,ADI-ADYB3VMMMI,a/images/sneakers/adidas/yeezy/ADI-ADYB3VMMMI.jpg,06/18/2021,$220,GW2869,MONO ICE/MONO ICE/MONO ICE
https://stockx.com/adidas-yeezy-boost-350-v2-mono-clay,adidas Yeezy Boost 350 V2 Mono Clay,ADI-ADYB3VMMMC,a/images/sneakers/adidas/yeezy/ADI-ADYB3VMMMC.jpg,06/18/2021,$220,GW2870,MONO CLAY/MONO CLAY/MONO CLAY
https://stockx.com/adidas-yeezy-boost-350-v2-mono-mist,adidas Yeezy Boost 350 V2 Mono Mist,ADI-ADYB3VMST,a/images/sneakers/adidas/yeezy/ADI-ADYB3VMST.jpg,06/18/2021,$220,GW2871,MONO MIST/MONO MIST/MONO MIST
https://stockx.com/adidas-yeezy-boost-700-enflame-amber,adidas Yeezy Boost 700 Enflame Amber,ADI-ADYB7EAEO,a/images/sneakers/adidas/yeezy/ADI-ADYB7EAEO.jpg,06/11/2021,$240,GW0297,ENFLAME AMBER/ORANGE
https://stockx.com/adidas-yeezy-boost-700-mnvn-bright-cyan,adidas Yeezy Boost 700 MNVN Bright Cyan,ADI-ADYB7MBBB,a/images/sneakers/adidas/yeezy/ADI-ADYB7MBBB.jpg,06/07/2021,$220,GZ3079,BRIGHT CYAN/BLACK
https://stockx.com/adidas-yeezy-500-taupe-light,adidas Yeezy 500 Taupe Light,ADI-ADY5TLTT,a/images/sneakers/adidas/yeezy/ADI-ADY5TLTT.jpg,06/05/2021,$200,GX3605,TAUPE LIGHT/TAUPE LIGHT/TAUPE LIGHT
https://stockx.com/adidas-yeezy-boost-380-alien-blue,adidas Yeezy Boost 380 Alien Blue,ADI-ADYB3ABAA,a/images/sneakers/adidas/yeezy/ADI-ADYB3ABAA.jpg,05/31/2021,$230,GW0304,ALIEN BLUE RF/ALIEN BLUE RF/ALIEN BLUE RF
https://stockx.com/adidas-yeezy-foam-rnnr-mineral-blue,adidas Yeezy Foam RNNR Mineral Blue,ADI-ADYFRMBMM,a/images/sneakers/adidas/yeezy/ADI-ADYFRMBMM.jpg,05/29/2021,$80,GV7903,MINERAL BLUE/MINERAL BLUE/MINERAL BLUE
https://stockx.com/adidas-yeezy-qntm-flash-orange,adidas Yeezy QNTM Flash Orange,ADI-ADYQFOFF,a/images/sneakers/adidas/yeezy/ADI-ADYQFOFF.jpg,05/22/2021,$250,GW5314,FLASH ORANGE/FLASH ORANGE/FLASH ORANGE
https://stockx.com/adidas-yeezy-500-high-tactile-orange,adidas Yeezy 500 High Tactile Orange,ADI-ADY5HTOBN,a/images/sneakers/adidas/yeezy/ADI-ADY5HTOBN.jpg,05/17/2021,$220,GW2873,BROWN/NAVY/TACTILE ORANGE
https://stockx.com/adidas-yeezy-500-high-sumac,adidas Yeezy 500 High Sumac,ADI-ADY5HSSI,a/images/sneakers/adidas/yeezy/ADI-ADY5HSSI.jpg,05/17/2021,$220,GW2874,SUMAC/INDIGO/RED
https://stockx.com/adidas-yeezy-500-enflame,adidas Yeezy 500 Enflame,ADI-ADY5EEE,a/images/sneakers/adidas/yeezy/ADI-ADY5EEE.jpg,05/08/2021,$200,GZ5541,ENFLAME/ENFLAME-ENFLAME
https://stockx.com/adidas-yeezy-slide-pure,adidas Yeezy Slide Pure,ADI-ADYSPPP,a/images/sneakers/adidas/yeezy/ADI-ADYSPPP.jpg,04/26/2021,$55,GZ5554,PURE/PURE/PURE
https://stockx.com/yeezy-slide-resin,adidas Yeezy Slide Resin,YZSLD-RSN,a/images/sneakers/adidas/yeezy/YZSLD-RSN.jpg,04/26/2021,$55,FX0494/GZ5551,RESIN/RESIN/RESIN
https://stockx.com/yeezy-slide-core,adidas Yeezy Slide Core,YZYSLD-CRE,a/images/sneakers/adidas/yeezy/YZYSLD-CRE.jpg,04/26/2021,$55,G55492/GW5350,CORE/CORE/CORE
https://stockx.com/adidas-yeezy-boost-700-bright-blue,adidas Yeezy Boost 700 Bright Blue,ADI-ADYB7BBBO,a/images/sneakers/adidas/yeezy/ADI-ADYB7BBBO.jpg,04/24/2021,$240,GZ0541,BRIGHT BLUE/ORANGE
https://stockx.com/adidas-yeezy-500-high-frosted-blue,adidas Yeezy 500 High Frosted Blue,ADI-ADY5HFBFF,a/images/sneakers/adidas/yeezy/ADI-ADY5HFBFF.jpg,04/12/2021,$200,GZ5544,FROSTED BLUE/FROSTED BLUE-FROSTED BLUE
https://stockx.com/adidas-yeezy-desert-boot-taupe-blue,adidas Yeezy Desert Boot Taupe Blue,ADI-ADYDBTBTT,a/images/sneakers/adidas/yeezy/ADI-ADYDBTBTT.jpg,03/29/2021,$200,GY0374,TAUPE/TAUPE/BLUE
https://stockx.com/adidas-yeezy-foam-rnnr-sand,adidas Yeezy Foam RNNR Sand,ADI-ADYFRSSS,a/images/sneakers/adidas/yeezy/ADI-ADYFRSSS.jpg,03/26/2021,$80,FY4567,SAND/SAND/SAND
https://stockx.com/adidas-yeezy-foam-rnnr-mxt-moon-gray,adidas Yeezy Foam RNNR MXT Moon Gray,ADI-ADYFRMMMM,a/images/sneakers/adidas/yeezy/ADI-ADYFRMMMM.jpg,03/26/2021,$80,GV7904,MOON GRAY/MOON GRAY/MOON GRAY
https://stockx.com/adidas-yeezy-700-v3-kyanite,adidas Yeezy 700 V3 Kyanite,ADI-ADY7VKKK,a/images/sneakers/adidas/yeezy/ADI-ADY7VKKK.jpg,03/25/2021,$200,GY0260,KYANITE/KYANITE/KYANITE
https://stockx.com/adidas-yeezy-boost-350-v2-ash-pearl-2021,adidas Yeezy Boost 350 V2 Ash Pearl,ADI-ADYB3VAP,a/images/sneakers/adidas/yeezy/ADI-ADYB3VAP.jpg,03/20/2021,$220,GY7658,ASH PEARL/ASH PEARL/ASH PEARL
https://stockx.com/adidas-yeezy-qntm-sea-teal,adidas Yeezy QNTM Sea Teal,ADI-ADYQSTSS,a/images/sneakers/adidas/yeezy/ADI-ADYQSTSS.jpg,03/19/2021,$250,GY7926,SEA TEAL/SEA TEAL/SEA TEAL
https://stockx.com/adidas-yeezy-boost-380-covellite,adidas Yeezy Boost 380 Covellite,ADI-ADYB3CCC,a/images/sneakers/adidas/yeezy/ADI-ADYB3CCC.jpg,03/15/2021,$230,GZ0454,COVELLITE/COVELLITE/COVELLITE
https://stockx.com/adidas-yeezy-boost-700-v2-cream,adidas Yeezy Boost 700 V2 Cream,ADI-ADY7VCCC,a/images/sneakers/adidas/yeezy/ADI-ADY7VCCC.jpg,03/13/2021,$240,GY7924,CREAM/CREAM/CREAM
https://stockx.com/adidas-yeezy-450-cloud-white,adidas Yeezy 450 Cloud White,ADI-ADY4CWCC,a/images/sneakers/adidas/yeezy/ADI-ADY4CWCC.jpg,03/06/2021,$200,H68038,CLOUD WHITE/CLOUD WHITE
https://stockx.com/adidas-yeezy-boost-350-v2-ash-stone,adidas Yeezy Boost 350 V2 Ash Stone,ADI-ADYB3VAST,a/images/sneakers/adidas/yeezy/ADI-ADYB3VAST.jpg,02/27/2021,$220,GW0089,ASH STONE/ASH STONE/ASH STONE
https://stockx.com/adidas-yeezy-boost-350-v2-ash-blue,adidas Yeezy Boost 350 V2 Ash Blue,ADI-ADYADHBLU,a/images/sneakers/adidas/yeezy/ADI-ADYADHBLU.jpg,02/27/2021,$220,GY7657,ASH BLUE/ASH BLUE/ASH BLUE
https://stockx.com/adidas-yeezy-500-high-shale-warm,adidas Yeezy 500 High Shale Warm,ADI-ADY5HWWW,a/images/sneakers/adidas/yeezy/ADI-ADY5HWWW.jpg,02/08/2021,$220,GZ7074,SHALE WARM/SHALE WARM/GREY
https://stockx.com/adidas-yeezy-500-high-mist-slate,adidas Yeezy 500 High Mist Slate,ADI-ADY5HMSMM,a/images/sneakers/adidas/yeezy/ADI-ADY5HMSMM.jpg,02/08/2021,$220,GY0393,MIST SLATE/MIST SLATE/ANTHRACITE
https://stockx.com/adidas-yeezy-boost-700-sun,adidas Yeezy Boost 700 Sun,ADI-ADYB7SSB,a/images/sneakers/adidas/yeezy/ADI-ADYB7SSB.jpg,01/23/2021,$240,GZ6984,SUN/BLACK/ORANGE
https://stockx.com/adidas-yeezy-boost-380-yecoraite-reflective,adidas Yeezy Boost 380 Yecoraite Reflective,YB380-YCRTRF,a/images/sneakers/adidas/yeezy/YB380-YCRTRF.jpg,01/16/2021,$250,GY2649,YECORAITE/YECORAITE/YECORAITE
https://stockx.com/adidas-yeezy-qntm-frozen-blue,adidas Yeezy QNTM Frozen Blue,ADI-ADYQFBFF,a/images/sneakers/adidas/yeezy/ADI-ADYQFBFF.jpg,12/23/2020,$250,GZ8872,FROZEN BLUE/FROZEN BLUE/FROZEN BLUE
https://stockx.com/adidas-yeezy-qntm-bsktbl-frozen-blue,adidas Yeezy QNTM BSKTBL Frozen Blue,ADI-ADYQBFBFF,a/images/sneakers/adidas/yeezy/ADI-ADYQBFBFF.jpg,12/23/2020,$250,GX5049,FROZEN BLUE/FROZEN BLUE/FROZEN BLUE
https://stockx.com/adidas-yeezy-700-v3-clay-brown,adidas Yeezy 700 V3 Clay Brown,YZB700V3-CLBRN,a/images/sneakers/adidas/yeezy/YZB700V3-CLBRN.jpg,12/21/2020,$200,GY0189,EREMIAL/EREMIAL/EREMIAL
https://stockx.com/adidas-yeezy-boost-350-v2-sand-taupe,adidas Yeezy Boost 350 V2 Sand Taupe,YZB350V2-ELDA,a/images/sneakers/adidas/yeezy/YZB350V2-ELDA.jpg,12/19/2020,$220,FZ5240,SAND TAUPE/SAND TAUPE/SAND TAUPE
https://stockx.com/adidas-yeezy-boost-380-hylte,adidas Yeezy Boost 380 Hylte,YB380-HBOR,a/images/sneakers/adidas/yeezy/YB380-HBOR.jpg,12/12/2020,$230,FZ4990,HYLTE/HYLTE/HYLTE
https://stockx.com/adidas-yeezy-boost-380-azure,adidas Yeezy Boost 380 Azure,YB380-AZR,a/images/sneakers/adidas/yeezy/YB380-AZR.jpg,12/12/2020,$230,FZ4986,AZURE/AURE/AZURE
https://stockx.com/adidas-yeezy-boost-380-hylte-glow,adidas Yeezy Boost 380 Hylte Glow,YB380-BLGF,a/images/sneakers/adidas/yeezy/YB380-BLGF.jpg,12/12/2020,$230,FZ4994,HYLTE/HYLTE/HYLTE
https://stockx.com/adidas-yeezy-boost-380-azure-reflective,adidas Yeezy Boost 380 Azure Reflective,YB380-AZRRF,a/images/sneakers/adidas/yeezy/YB380-AZRRF.jpg,12/12/2020,$250,H02538,AZURE/AURE/AZURE
https://stockx.com/adidas-yeezy-boost-380-lmnte-reflective,adidas Yeezy Boost 380 Lmnte Reflective,YB380-LMNR,a/images/sneakers/adidas/yeezy/YB380-LMNR.jpg,12/12/2020,$250,H02541,LMNTE/LMNTE/LMNTE
https://stockx.com/adidas-yeezy-boost-380-lmnte,adidas Yeezy Boost 380 Lmnte,YB380-LMN,a/images/sneakers/adidas/yeezy/YB380-LMN.jpg,12/12/2020,$230,FZ4982,LMNTE/LMNTE/LMNTE
https://stockx.com/adidas-yeezy-boost-380-onyx,adidas Yeezy Boost 380 Onyx,YB380-ONX,a/images/sneakers/adidas/yeezy/YB380-ONX.jpg,11/28/2020,$230,FZ1270,ONYX/ONYX/ONYX
https://stockx.com/adidas-yeezy-boost-380-onyx-reflective,adidas Yeezy Boost 380 Onyx Reflective,YB380-ONXRF,a/images/sneakers/adidas/yeezy/YB380-ONXRF.jpg,11/27/2020,$250,H02536,ONYX/ONYX/ONYX
https://stockx.com/adidas-yeezy-700-v3-safflower,adidas Yeezy 700 V3 Safflower,YZB700V3-SRPH,a/images/sneakers/adidas/yeezy/YZB700V3-SRPH.jpg,11/14/2020,$200,G54853,SAFFLOWER/SAFFLOWER/SAFFLOWER
https://stockx.com/adidas-yeezy-boost-350-v2-yecher,adidas Yeezy Boost 350 V2 Fade,YZB350V2-YCHR,a/images/sneakers/adidas/yeezy/YZB350V2-YCHR.jpg,11/11/2020,$220,H02795,YECHER/YECHER/YECHER
https://stockx.com/adidas-yeezy-boost-380-calcite-glow,adidas Yeezy Boost 380 Calcite Glow,YB380-BLOF,a/images/sneakers/adidas/yeezy/YB380-BLOF.jpg,10/31/2020,$250,GZ8668,CALCITE/CALCITE/CALCITE
https://stockx.com/adidas-yeezy-boost-350-v2-natural,adidas Yeezy Boost 350 V2 Natural,YZB350V2-ABEZ,a/images/sneakers/adidas/yeezy/YZB350V2-ABEZ.jpg,10/24/2020,$220,FZ5246,NATURAL/NATURAL/NATURAL
https://stockx.com/adidas-yzy-qntm-ophani,adidas Yeezy QNTM Teal Blue,ADI-ADYQOOP,a/images/sneakers/adidas/yeezy/ADI-ADYQOOP.jpg,10/10/2020,$250,G58864,OPHANI/OPHANI/OPHANI
https://stockx.com/adidas-yeezy-boost-350-v2-carbon,adidas Yeezy Boost 350 V2 Carbon,YZB350V2-CBN,a/images/sneakers/adidas/yeezy/YZB350V2-CBN.jpg,10/02/2020,$220,FZ5000,CARBON/CARBON/CARBON
https://stockx.com/adidas-yeezy-boost-380-pepper,adidas Yeezy Boost 380 Pepper,YB380-PPR,a/images/sneakers/adidas/yeezy/YB380-PPR.jpg,09/19/2020,$230,FZ1269,PEPPER/PEPPER/PEPPER
https://stockx.com/adidas-yeezy-boost-380-pepper-reflective,adidas Yeezy Boost 380 Pepper Reflective,YB380-PPRRF,a/images/sneakers/adidas/yeezy/YB380-PPRRF.jpg,09/11/2020,$250,FZ4977,PEPPER/PEPPER/PEPPER
https://stockx.com/yeezy-slide-soot,adidas Yeezy Slide Soot,YZYSLD-SOT,a/images/sneakers/adidas/yeezy/YZYSLD-SOT.jpg,09/04/2020,$55,G55495,SOOT/SOOT/SOOT
https://stockx.com/adidas-yeezy-700-v3-arzareth,adidas Yeezy 700 V3 Arzareth,YZB700V3-AZRT,a/images/sneakers/adidas/yeezy/YZB700V3-AZRT.jpg,08/29/2020,$200,G54850,AZARETH/AZARETH/AZARETH
https://stockx.com/adidas-yeezy-boost-350-v2-israfil,adidas Yeezy Boost 350 V2 Israfil,YZB350V2-ISRF,a/images/sneakers/adidas/yeezy/YZB350V2-ISRF.jpg,08/22/2020,$220,FZ5421,ISRAFIL/ISRAFIL/ISRAFIL
https://stockx.com/adidas-yeezy-boost-380-blue-oat,adidas Yeezy Boost 380 Blue Oat,YB380-BLF,a/images/sneakers/adidas/yeezy/YB380-BLF.jpg,07/25/2020,$230,Q47306,BLUE OAT/BLUE OAT/BLUE OAT
https://stockx.com/adidas-yeezy-boost-380-blue-oat-reflective,adidas Yeezy Boost 380 Blue Oat Reflective,YB380-BLOR,a/images/sneakers/adidas/yeezy/YB380-BLOR.jpg,07/24/2020,$250,FX9847,BLUE OAT/BLUE OAT/BLUE OAT
https://stockx.com/adidas-yeezy-boost-350-v2-zyon,adidas Yeezy Boost 350 V2 Zyon,ADI-ADYB3VZZZ,a/images/sneakers/adidas/yeezy/ADI-ADYB3VZZZ.jpg,07/18/2020,$220,FZ1267,ZYON/ZYON/ZYON
https://stockx.com/adidas-yeezy-boost-700-mnvn-bone,adidas Yeezy Boost 700 MNVN Bone,YZY700M-BNE,a/images/sneakers/adidas/yeezy/YZY700M-BNE.jpg,07/11/2020,$220,FY3729,BONE/SILVER/BLACK
https://stockx.com/adidas-yeezy-foam-rnnr-ararat,adidas Yeezy Foam RNNR Ararat,YZY-ADYFRAWW,a/images/sneakers/adidas/yeezy/YZY-ADYFRAWW.jpg,06/26/2020,$75,G55486,WHITE/WHITE-WHITE
https://stockx.com/adidas-yzy-qntm-barium,adidas Yeezy QNTM Barium,ADI-ADYQBBB,a/images/sneakers/adidas/yeezy/ADI-ADYQBBB.jpg,06/25/2020,$250,H68771,BARIUM/BARIUM/BARIUM
https://stockx.com/adidas-yeezy-500-high-tyrian,adidas Yeezy 500 High Tyrian,ADI-ADYB3VOBKWG,a/images/sneakers/adidas/yeezy/ADI-ADYB3VOBKWG.jpg,05/16/2020,$220,FY4269,TYRIAN/TYRIAN/TYRIAN
https://stockx.com/adidas-yeezy-boost-350-v2-sulfur,adidas Yeezy Boost 350 V2 Sulfur,ADI-ADYB3VSSS,a/images/sneakers/adidas/yeezy/ADI-ADYB3VSSS.jpg,05/09/2020,$220,FY5346,SULFUR/SULFUR/SULFUR
https://stockx.com/adidas-yeezy-boost-700-mnvn-phosphor,adidas Yeezy Boost 700 MNVN Phosphor,YZY700M-PHSPR,a/images/sneakers/adidas/yeezy/YZY700M-PHSPR.jpg,04/24/2020,$220,FY3727,PHOSPHOR/PHOSPHOR/PHOSPHOR
https://stockx.com/adidas-yeezy-boost-350-v2-linen,adidas Yeezy Boost 350 V2 Linen,YB350V2-LN,a/images/sneakers/adidas/yeezy/YB350V2-LN.jpg,04/18/2020,$220,FY5158,LINEN/LINEN/LINEN
https://stockx.com/yeezy-slide-earth-brown,adidas Yeezy Slide Earth Brown,YZY-YESEBEE,a/images/sneakers/adidas/yeezy/YZY-YESEBEE.jpg,04/16/2020,$55,FV8425,EARTH BROWN/EARTH BROWN/EARTH BROWN
https://stockx.com/adidas-yeezy-700-v3-alvah,adidas Yeezy 700 V3 Alvah,YZB700V3-ALV,a/images/sneakers/adidas/yeezy/YZB700V3-ALV.jpg,04/11/2020,$200,H67799,ALVAH/ALVAH/ALVAH
https://stockx.com/adidas-yeezy-boost-350-v2-cinder-reflective,adidas Yeezy Boost 350 V2 Cinder Reflective,YB350V2-CNDRF,a/images/sneakers/adidas/yeezy/YB350V2-CNDRF.jpg,04/04/2020,$220,FY4176,CINDER/CINDER/CINDER
https://stockx.com/adidas-yeezy-boost-380-mist,adidas Yeezy Boost 380 Mist,ADI-ADYB3MMM,a/images/sneakers/adidas/yeezy/ADI-ADYB3MMM.jpg,03/25/2020,$230,FX9764,MIST/MIST/MIST
https://stockx.com/adidas-yeezy-boost-350-v2-cinder,adidas Yeezy Boost 350 V2 Cinder,YB350V2-CND,a/images/sneakers/adidas/yeezy/YB350V2-CND.jpg,03/21/2020,$220,FY2903,CINDER/CINDER/CINDER
https://stockx.com/adidas-yeezy-boost-350-v2-desert-sage,adidas Yeezy Boost 350 V2 Desert Sage,YZB350V2-DSSG,a/images/sneakers/adidas/yeezy/YZB350V2-DSSG.jpg,03/14/2020,$220,FX9035,DESERT SAGE/DESERT SAGE/DESERT SAGE
https://stockx.com/adidas-yeezy-boost-380-mist-reflective,adidas Yeezy Boost 380 Mist Reflective,YZB380-MSTRF,a/images/sneakers/adidas/yeezy/YZB380-MSTRF.jpg,02/29/2020,$250,FX9846,MIST/MIST/MIST
https://stockx.com/adidas-yeezy-boost-700-mnvn-orange,adidas Yeezy Boost 700 MNVN Orange,YZY700M-ORG,a/images/sneakers/adidas/yeezy/YZY700M-ORG.jpg,02/28/2020,$220,FV3258,ORANGE/ORANGE/ORANGE
https://stockx.com/adidas-yeezy-boost-350-v2-earth,adidas Yeezy Boost 350 V2 Earth,YB350V2-RTH,a/images/sneakers/adidas/yeezy/YB350V2-RTH.jpg,02/22/2020,$220,FX9033,EARTH/EARTH/EARTH
https://stockx.com/adidas-yeezy-boost-350-v2-tail-light,adidas Yeezy Boost 350 V2 Tail Light,YZB350V2-TG,a/images/sneakers/adidas/yeezy/YZB350V2-TG.jpg,02/22/2020,$220,FX9017,TAIL LIGHT/TAIL LIGHT/TAIL LIGHT
https://stockx.com/adidas-yeezy-boost-350-v2-flax,adidas Yeezy Boost 350 V2 Flax,YB350V2-FLX,a/images/sneakers/adidas/yeezy/YB350V2-FLX.jpg,02/22/2020,$220,FX9028,FLAX/FLAX/FLAX
https://stockx.com/adidas-yzy-qntm,adidas Yeezy QNTM (Lifestyle Model),YZY-QNTM,a/images/sneakers/adidas/yeezy/YZY-QNTM.jpg,02/16/2020,$250,Q46473,QNTM
https://stockx.com/adidas-yeezy-boost-700-mnvn-triple-black,adidas Yeezy Boost 700 MNVN Triple Black,YZY700M-TB,a/images/sneakers/adidas/yeezy/YZY700M-TB.jpg,02/08/2020,$220,FV4440,BLACK/BLACK/BLACK
https://stockx.com/adidas-yeezy-boost-350-v2-marsh,adidas Yeezy Boost 350 V2 Marsh,YB350V2-MRSH,a/images/sneakers/adidas/yeezy/YB350V2-MRSH.jpg,02/01/2020,$220,FX9034,MARSH/MARSH/MARSH
https://stockx.com/adidas-yeezy-boost-350-v2-yeshaya,adidas Yeezy Boost 350 V2 Yeshaya (Non-Reflective),YZB350V2-YSHYA,a/images/sneakers/adidas/yeezy/YZB350V2-YSHYA.jpg,01/25/2020,$220,FX4348,YESHAYA/YESHAYA/YESHAYA
https://stockx.com/adidas-yeezy-boost-350-v2-yeshaya-reflective,adidas Yeezy Boost 350 V2 Yeshaya (Reflective),YZB350V2-YSHRF,a/images/sneakers/adidas/yeezy/YZB350V2-YSHRF.jpg,01/24/2020,$250,FX4349,YESHAYA/YESHAYA/YESHAYA
https://stockx.com/adidas-yeezy-boost-700-v3-azael,adidas Yeezy 700 V3 Azael,YZB700V3-AZL,a/images/sneakers/adidas/yeezy/YZB700V3-AZL.jpg,12/23/2019,$200,FW4980,AZAEL/AZAEL/AZAEL
https://stockx.com/adidas-yeezy-boost-350-v2-yecheil,adidas Yeezy Boost 350 V2 Yecheil (Non-Reflective),YZB350V2-YCHL,a/images/sneakers/adidas/yeezy/YZB350V2-YCHL.jpg,12/20/2019,$220,FW5190,YECHEIL/YECHEIL/YECHEIL
https://stockx.com/adidas-yeezy-boost-350-v2-yecheil-reflective,adidas Yeezy Boost 350 V2 Yecheil (Reflective),YZB350V2-YCHRF,a/images/sneakers/adidas/yeezy/YZB350V2-YCHRF.jpg,12/19/2019,$250,FX4145,YECHEIL/YECHEIL/YECHEIL
https://stockx.com/adidas-yeezy-boost-700-carbon-blue,adidas Yeezy Boost 700 Carbon Blue,YZB700-CRBL,a/images/sneakers/adidas/yeezy/YZB700-CRBL.jpg,12/18/2019,$300,FW2498,CARBON BLUE/CARBON BLUE/CARBON BLUE
https://stockx.com/adidas-yeezy-boost-350-v2-yeezreel-reflective,adidas Yeezy Boost 350 V2 Yeezreel (Reflective),YZB350V2-YZRLRF,a/images/sneakers/adidas/yeezy/YZB350V2-YZRLRF.jpg,12/17/2019,$250,FX4130,YYEGLRF/YEGLRF/YEGLRF
https://stockx.com/adidas-yeezy-500-high-slate,adidas Yeezy 500 High Slate,YZ500H-SLT,a/images/sneakers/adidas/yeezy/YZ500H-SLT.jpg,12/16/2019,$220,FW4968,SLATE/SLATE/SLATE
https://stockx.com/adidas-yeezy-boost-350-v2-yeezreel,adidas Yeezy Boost 350 V2 Yeezreel (Non-Reflective),YZB350V2-YZRL,a/images/sneakers/adidas/yeezy/YZB350V2-YZRL.jpg,12/14/2019,$220,FW5191,YEEZREEL/YEEZREEL/YEEZREEL
https://stockx.com/adidas-yeezy-boost-380-alien,adidas Yeezy Boost 380 Alien,YZB380-ALIEN,a/images/sneakers/adidas/yeezy/YZB380-ALIEN.jpg,12/12/2019,$230,FV3260/FB6878,ALIEN/ALIEN/ALIEN
https://stockx.com/yeezy-slide-bone,adidas Yeezy Slide Bone,YZSLD-BN,a/images/sneakers/adidas/yeezy/YZSLD-BN.jpg,12/06/2019,$55,FW6345,BONE/BONE/BONE
https://stockx.com/yeezy-slide-desert-sand,adidas Yeezy Slide Desert Sand,YZSLD-DS,a/images/sneakers/adidas/yeezy/YZSLD-DS.jpg,12/06/2019,$55,FW6344,DESERT SAND/DESERT SAND/DESERT SAND
https://stockx.com/adidas-yeezy-500-stone,adidas Yeezy 500 Stone,YZB500-STN,a/images/sneakers/adidas/yeezy/YZB500-STN.jpg,11/23/2019,$200,FW4839,STONE/STONE/STONE
https://stockx.com/adidas-yeezy-500-soft-vision,adidas Yeezy 500 Soft Vision,YZY500-SV,a/images/sneakers/adidas/yeezy/YZY500-SV.jpg,11/02/2019,$200,FW2656,SOFT VISION/SOFT VISION/SOFT VISION
https://stockx.com/adidas-yeezy-boost-700-teal-blue,adidas Yeezy Boost 700 Teal Blue,YZYB700-TLBLU,a/images/sneakers/adidas/yeezy/YZYB700-TLBLU.jpg,10/26/2019,$300,FW2499,TEAL BLUE/TEAL BLUE/TEAL BLUE
https://stockx.com/adidas-yeezy-boost-700-v2-hospital-blue,adidas Yeezy Boost 700 V2 Hospital Blue,YZB700V2-HB,a/images/sneakers/adidas/yeezy/YZB700V2-HB.jpg,09/28/2019,$300,FV8424,HOSPITAL BLUE/HOSPITAL BLUE/HOSPITAL BLUE
https://stockx.com/adidas-yeezy-boost-350-v2-citrin,adidas Yeezy Boost 350 V2 Citrin (Non-Reflective),YZB350V2-CTRN,a/images/sneakers/adidas/yeezy/YZB350V2-CTRN.jpg,09/23/2019,$220,FW3042,CITRIN/CITRIN/CITRIN
https://stockx.com/adidas-yeezy-boost-350-v2-citrin-reflective,adidas Yeezy Boost 350 V2 Citrin (Reflective),YZB350V2-CTRNRF,a/images/sneakers/adidas/yeezy/YZB350V2-CTRNRF.jpg,09/23/2019,$220,FW5318,CITRIN/CITRIN/CITRIN
https://stockx.com/adidas-yeezy-boost-350-v2-cloud-white,adidas Yeezy Boost 350 V2 Cloud White (Non-Reflective),AD-YB350V2CWH,a/images/sneakers/adidas/yeezy/AD-YB350V2CWH.jpg,09/21/2019,$220,FW3043,CLOUD WHITE/CLOUD WHITE/CLOUD WHITE
https://stockx.com/adidas-yeezy-boost-350-v2-cloud-white-reflective,adidas Yeezy Boost 350 V2 Cloud White (Reflective),AD-YB350V2WHR,a/images/sneakers/adidas/yeezy/AD-YB350V2WHR.jpg,09/19/2019,$220,FW5317,CLOUD WHITE/CLOUD WHITE/CLOUD WHITE
https://stockx.com/adidas-yeezy-powerphase-simple-brown,adidas Yeezy Powerphase Simple Brown,YZYPP-SB,a/images/sneakers/adidas/yeezy/YZYPP-SB.jpg,09/18/2019,$120,FV6129,SIMPLE BROWN/SIMPLE BROWN/SIMPLE BROWN
https://stockx.com/adidas-yeezy-powerphase-clear-brown,adidas Yeezy Powerphase Clear Brown,YZYPP-CB,a/images/sneakers/adidas/yeezy/YZYPP-CB.jpg,09/18/2019,$120,FV6126,CLEAR BROWN/CLEAR BROWN/CLEAR BROWN
https://stockx.com/adidas-yeezy-powerphase-quiet-grey,adidas Yeezy Powerphase Quiet Grey,YZYPP-QG,a/images/sneakers/adidas/yeezy/YZYPP-QG.jpg,09/18/2019,$120,FV6125,QUIET GREY/QUIET GREY/QUIET GREY
https://stockx.com/adidas-yeezy-desert-boot-salt,adidas Yeezy Desert Boot Salt,YZDSBT-SLT,a/images/sneakers/adidas/yeezy/YZDSBT-SLT.jpg,09/14/2019,$200,FV5677,SALT/SALT/SALT
https://stockx.com/adidas-yeezy-boost-700-magnet,adidas Yeezy Boost 700 Magnet,YZYB700-MGNT,a/images/sneakers/adidas/yeezy/YZYB700-MGNT.jpg,09/09/2019,$300,FV9922,MAGNET/MAGNET/MAGNET
https://stockx.com/adidas-yeezy-boost-700-v2-inertia,adidas Yeezy Boost 700 V2 Inertia,YZB700V2-INRTA,a/images/sneakers/adidas/yeezy/YZB700V2-INRTA.jpg,09/07/2019,$300,FW2549,INERTIA/INERTIA/INERTIA
https://stockx.com/adidas-yeezy-boost-500-bone-white,adidas Yeezy 500 Bone White,YZB500-BW,a/images/sneakers/adidas/yeezy/YZB500-BW.jpg,08/24/2019,$200,FV3573,BONE WHITE/BONE WHITE/BONE WHITE
https://stockx.com/adidas-yeezy-boost-350-v2-lundmark,adidas Yeezy Boost 350 V2 Lundmark (Non Reflective),350V2-LM,a/images/sneakers/adidas/yeezy/350V2-LM.jpg,07/13/2019,$220,FU9161,LUNDMARK/LUNDMARK/LUNDMARK
https://stockx.com/adidas-yeezy-boost-350-v2-lundmark-reflective,adidas Yeezy Boost 350 V2 Lundmark (Reflective),350V2-LMR,a/images/sneakers/adidas/yeezy/350V2-LMR.jpg,07/11/2019,$250,FV3254,LUNDMARK/LUNDMARK/LUNDMARK
https://stockx.com/adidas-yeezy-boost-700-utility-black,adidas Yeezy Boost 700 Utility Black,YZB700-UB,a/images/sneakers/adidas/yeezy/YZB700-UB.jpg,06/29/2019,$300,FV5304,UTILITY BLACK/UTILITY BLACK/UTILITY BLACK
https://stockx.com/adidas-yeezy-boost-350-v2-antlia,adidas Yeezy Boost 350 V2 Antlia (Non-Reflective),YZB350V2-ANTL,a/images/sneakers/adidas/yeezy/YZB350V2-ANTL.jpg,06/22/2019,$220,FV3250,ANTLIA/ANTLIA/ANTLIA
https://stockx.com/adidas-yeezy-boost-350-v2-synth,adidas Yeezy Boost 350 V2 Synth (Non-Reflective),YZB350V2-SYN,a/images/sneakers/adidas/yeezy/YZB350V2-SYN.jpg,06/22/2019,$220,FV5578,SYNTH/SYNTH/SYNTH
https://stockx.com/adidas-yeezy-boost-350-v2-antlia-reflective,adidas Yeezy Boost 350 V2 Antlia (Reflective),YZB350V2-AR,a/images/sneakers/adidas/yeezy/YZB350V2-AR.jpg,06/21/2019,$220,FV3255,ANTLIA/ANTLIA/ANTLIA
https://stockx.com/adidas-yeezy-boost-350-v2-synth-reflective,adidas Yeezy Boost 350 V2 Synth (Reflective),YZB350V2-SYNR,a/images/sneakers/adidas/yeezy/YZB350V2-SYNR.jpg,06/21/2019,$220,FV5666,SYNTH/SYNTH/SYNTH
https://stockx.com/adidas-yeezy-boost-700-v2-tephra,adidas Yeezy Boost 700 V2 Tephra,YZB700V2-TPH,a/images/sneakers/adidas/yeezy/YZB700V2-TPH.jpg,06/15/2019,$300,FU7914,TEPHRA/TEPHRA/TEPHRA
https://stockx.com/adidas-yeezy-boost-350-v2-black,adidas Yeezy Boost 350 V2 Black (Non-Reflective),YZB350V2-SB,a/images/sneakers/adidas/yeezy/YZB350V2-SB.jpg,06/07/2019,$220,FU9006,BLACK/BLACK/BLACK
https://stockx.com/adidas-yeezy-boost-700-v2-vanta,adidas Yeezy Boost 700 V2 Vanta,YZYB700V2-VNT,a/images/sneakers/adidas/yeezy/YZYB700V2-VNT.jpg,06/06/2019,$300,FU6684,VANTA/VANTA/VANTA
https://stockx.com/adidas-yeezy-boost-350-v2-static-black-reflective,adidas Yeezy Boost 350 V2 Static Black (Reflective),YZB350V2-SBR,a/images/sneakers/adidas/yeezy/YZB350V2-SBR.jpg,06/06/2019,$220,FU9007,BLACK/BLACK/BLACK
https://stockx.com/adidas-yeezy-boost-350-v2-glow,adidas Yeezy Boost 350 V2 Glow,YB350V2-GLW,a/images/sneakers/adidas/yeezy/YB350V2-GLW.jpg,05/25/2019,$250,EG5293,GLOW/GLOW/GLOW
https://stockx.com/adidas-yeezy-boost-700-analog,adidas Yeezy Boost 700 Analog,YZB700-NLG,a/images/sneakers/adidas/yeezy/YZB700-NLG.jpg,04/27/2019,$300,EG7596,ANALOG/ANALOG/ANALOG
https://stockx.com/adidas-yeezy-desert-boot-oil,adidas Yeezy Desert Boot Oil,YZDSBT-OIL,a/images/sneakers/adidas/yeezy/YZDSBT-OIL.jpg,04/20/2019,$200,EG6463,OIL/OIL/OIL
https://stockx.com/adidas-yeezy-desert-boot-rock,adidas Yeezy Desert Boot Rock,YZDSBT-RK,a/images/sneakers/adidas/yeezy/YZDSBT-RK.jpg,04/13/2019,$200,EG6462,ROCK/ROCK/ROCK
https://stockx.com/adidas-yeezy-boost-350-v2-clay,adidas Yeezy Boost 350 V2 Clay,YZB350V2-CLY,a/images/sneakers/adidas/yeezy/YZB350V2-CLY.jpg,03/30/2019,$220,EG7490,CLAY/CLAY/CLAY
https://stockx.com/adidas-yeezy-boost-700-v2-geode,adidas Yeezy Boost 700 V2 Geode,YB700-GDE,a/images/sneakers/adidas/yeezy/YB700-GDE.jpg,03/23/2019,$300,EG6860,GEODE/GEODE/GEODE
https://stockx.com/adidas-yeezy-boost-350-v2-true-form,adidas Yeezy Boost 350 V2 Trfrm,YZB350V2-TF,a/images/sneakers/adidas/yeezy/YZB350V2-TF.jpg,03/16/2019,$220,EG7492,GREY/GREY/GREY
https://stockx.com/adidas-yeezy-boost-350-v2-hyperspace,adidas Yeezy Boost 350 V2 Hyperspace,YZB350V2-HS,a/images/sneakers/adidas/yeezy/YZB350V2-HS.jpg,03/16/2019,$220,EG7491,GREY/GREY/GREY
https://stockx.com/adidas-yeezy-boost-700-inertia,adidas Yeezy Boost 700 Inertia,YB700-NRTA,a/images/sneakers/adidas/yeezy/YB700-NRTA.jpg,03/09/2019,$300,EG7597,GREY/GREY/INERTIA
https://stockx.com/adidas-yeezy-boost-700-salt,adidas Yeezy Boost 700 Salt,Y700-SLT,a/images/sneakers/adidas/yeezy/Y700-SLT.jpg,02/23/2019,$300,EG7487,SALT/SALT/SALT
https://stockx.com/adidas-yeezy-boost-700-v2-static,adidas Yeezy Boost 700 V2 Static,Y700V2-STC,a/images/sneakers/adidas/yeezy/Y700V2-STC.jpg,12/29/2018,$300,EF2829,STATIC/STATIC/STATIC
https://stockx.com/adidas-yeezy-boost-350-v2-static,adidas Yeezy Boost 350 V2 Static (Non-Reflective),YZY350V2-STATIC,a/images/sneakers/adidas/yeezy/YZY350V2-STATIC.jpg,12/27/2018,$220,EF2905,STATIC/STATIC/STATIC
https://stockx.com/adidas-yeezy-boost-350-v2-static-reflective,adidas Yeezy Boost 350 V2 Static Reflective,Y350BV2-STRF,a/images/sneakers/adidas/yeezy/Y350BV2-STRF.jpg,12/26/2018,$220,EF2367,STATIC/STATIC/STATIC
https://stockx.com/adidas-yeezy-500-salt,adidas Yeezy 500 Salt,YZY500-SALT,a/images/sneakers/adidas/yeezy/YZY500-SALT.jpg,11/30/2018,$200,EE7287,SALT/SALT/SALT
https://stockx.com/adidas-yeezy-boost-350-v2-sesame,adidas Yeezy Boost 350 V2 Sesame,YZY350V2-SESAME,a/images/sneakers/adidas/yeezy/YZY350V2-SESAME.jpg,11/23/2018,$220,F99710,SESAME/SESAME/SESAME
https://stockx.com/adidas-yeezy-boost-700-mauve,adidas Yeezy Boost 700 Mauve,YZY700-MVE,a/images/sneakers/adidas/yeezy/YZY700-MVE.jpg,10/27/2018,$300,EE9614,MAUVE/MAUVE/MAUVE
https://stockx.com/adidas-yeezy-500-utility-black,adidas Yeezy 500 Utility Black,YZY500-UTLTYBLK,a/images/sneakers/adidas/yeezy/YZY500-UTLTYBLK.jpg,07/07/2018,$200,F36640,UTILITY BLACK/UTILITY BLACK/UTILITY BLACK
https://stockx.com/adidas-yeezy-500-shadow-black-ff,adidas Yeezy 500 Shadow Black (Friends & Family),AD-Y500SBKFF,a/images/sneakers/adidas/yeezy/AD-Y500SBKFF.jpg,07/07/2018,$200,,SHADOW BLACK/SHADOW BLACK/SHADOW BLACK
https://stockx.com/adidas-yeezy-boost-350-v2-butter,adidas Yeezy Boost 350 V2 Butter,YZY350BV2-BTTR,a/images/sneakers/adidas/yeezy/YZY350BV2-BTTR.jpg,06/30/2018,$220,F36980,BUTTER/BUTTER/BUTTER
https://stockx.com/adidas-yeezy-500-desert-rat-moon-yellow,adidas Yeezy 500 Super Moon Yellow,YZY500-YLLW,a/images/sneakers/adidas/yeezy/YZY500-YLLW.jpg,06/09/2018,$200,DB2966,SUPER MOON YELLOW/SUPER MOON YELLOW/SUPER MOON YELLOW
https://stockx.com/adidas-yeezy-powerphase-calabasas-core-black,adidas Yeezy Powerphase Calabasas Core Black,YZYPWRPH-CBLK,a/images/sneakers/adidas/yeezy/YZYPWRPH-CBLK.jpg,03/17/2018,$120,CG6420,CORE BLACK/CORE BLACK/CORE BLACK
https://stockx.com/adidas-yeezy-500-blush,adidas Yeezy 500 Blush,YZY500-BLSH,a/images/sneakers/adidas/yeezy/YZY500-BLSH.jpg,02/16/2018,$200,DB2908,BLUSH/BLUSH/BLUSH
https://stockx.com/adidas-yeezy-boost-350-v2-blue-tint,adidas Yeezy Boost 350 V2 Blue Tint,YZY350V2-BLUTNT,a/images/sneakers/adidas/yeezy/YZY350V2-BLUTNT.jpg,12/16/2017,$220,B37571,BLUE TINT/GREY THREE/HIGH RISK RED
https://stockx.com/adidas-yeezy-powerphase-calabasas-grey,adidas Yeezy Powerphase Calabasas Grey,YZYPWRPH-GRY,a/images/sneakers/adidas/yeezy/YZYPWRPH-GRY.jpg,12/09/2017,$120,CG6422,GREY/GREY/GREY
https://stockx.com/adidas-yeezy-boost-350-v2-beluga-2-0,adidas Yeezy Boost 350 V2 Beluga 2.0,YZY350V2-BLGA2,a/images/sneakers/adidas/yeezy/YZY350V2-BLGA2.jpg,11/25/2017,$220,AH2203,
https://stockx.com/adidas-yeezy-boost-350-v2-semi-frozen-yellow,adidas Yeezy Boost 350 V2 Semi Frozen Yellow,AD-YB350VSFY,a/images/sneakers/adidas/yeezy/AD-YB350VSFY.jpg,11/18/2017,$220,B37572,SEMI FROZEN YELLOW/RAW STEEL/RED
https://stockx.com/adidas-yeezy-wave-runner-700-solid-grey,adidas Yeezy Boost 700 Wave Runner Solid Grey,YZY700-SLDGRY,a/images/sneakers/adidas/yeezy/YZY700-SLDGRY.jpg,11/01/2017,$300,B75571,SOLID GREY/CHALK WHITE/CORE BLACK
https://stockx.com/adidas-yeezy-boost-350-v2-cream-white,adidas Yeezy Boost 350 V2 Cream/Triple White,YZY350V2-CRMWHT,a/images/sneakers/adidas/yeezy/YZY350V2-CRMWHT.jpg,04/29/2017,$220,CP9366,CREAM / WHITE
https://stockx.com/adidas-yeezy-powerphase-calabasas-core-white,adidas Yeezy Powerphase Calabasas Core White,YZYPWRPH-CWHT,a/images/sneakers/adidas/yeezy/YZYPWRPH-CWHT.jpg,03/28/2017,$120,CQ1693,
https://stockx.com/adidas-yeezy-boost-350-v2-white-core-black-red,adidas Yeezy Boost 350 V2 Zebra,YZY350V2-ZEBRA,a/images/sneakers/adidas/yeezy/YZY350V2-ZEBRA.jpg,02/25/2017,$220,CP9654,WHITE/CORE BLACK/RED
https://stockx.com/adidas-yeezy-boost-350-v2-core-black-red-2017,adidas Yeezy Boost 350 V2 Black Red (2017/2020),AD-YB350V2CBR,a/images/sneakers/adidas/yeezy/AD-YB350V2CBR.jpg,02/11/2017,$220,CP9652,CORE BLACK/CORE BLACK/RED
https://stockx.com/adidas-yeezy-boost-350-v2-core-black-white,adidas Yeezy Boost 350 V2 Core Black White,AD-YB350V2CBKWT,a/images/sneakers/adidas/yeezy/AD-YB350V2CBKWT.jpg,12/17/2016,$220,BY1604,CORE BLACK/CORE WHITE/CORE BLACK
https://stockx.com/adidas-yeezy-boost-350-v2-core-black-green,adidas Yeezy Boost 350 V2 Core Black Green,YZY350V2-GRN,a/images/sneakers/adidas/yeezy/YZY350V2-GRN.jpg,11/23/2016,$220,BY9611,CORE BLACK/GREEN/CORE BLACK
https://stockx.com/adidas-yeezy-boost-350-v2-core-black-red,adidas Yeezy Boost 350 V2 Core Black Red,YZY350V2-RED,a/images/sneakers/adidas/yeezy/YZY350V2-RED.jpg,11/23/2016,$220,BY9612,CORE BLACK/RED/CORE BLACK
https://stockx.com/adidas-yeezy-boost-350-v2-core-black-copper,adidas Yeezy Boost 350 V2 Core Black Copper,YZY350V2-CPPR,a/images/sneakers/adidas/yeezy/YZY350V2-CPPR.jpg,11/23/2016,$220,BY1605,CORE BLACK/COPPER/CORE BLACK
https://stockx.com/adidas-yeezy-boost-750-chocolate-light-brown-gum,adidas Yeezy Boost 750 Light Brown Gum (Chocolate),YZY750-BROWNGUM,a/images/sneakers/adidas/yeezy/YZY750-BROWNGUM.jpg,10/15/2016,$350,BY2456,LIGHT BROWN/LIGHT BROWN/GUM
https://stockx.com/adidas-yeezy-boost-350-v2-steeple-grey-beluga-solar-red,adidas Yeezy Boost 350 V2 Beluga,YZY350V2-BLG,a/images/sneakers/adidas/yeezy/YZY350V2-BLG.jpg,09/24/2016,$220,BB1826,STEEPLE GRAY/BELUGA/SOLAR RED
https://stockx.com/adidas-yeezy-350-cleat-turtledove,adidas Yeezy 350 Cleat Turtledove,YZY350C-TRTLDV,a/images/sneakers/adidas/yeezy/YZY350C-TRTLDV.jpg,09/15/2016,$250,B42410,CHALK WHITE/BLACK/METALLIC GOLD
https://stockx.com/adidas-yeezy-boost-750-light-grey-glow-in-the-dark,adidas Yeezy Boost 750 Light Grey Glow In the Dark,YZY750-GLOW,a/images/sneakers/adidas/yeezy/YZY750-GLOW.jpg,06/11/2016,$350,BB1840,LIGHT GREY/LIGHT GREY/GUM
https://stockx.com/adidas-yeezy-boost-350-pirate-black-2016,adidas Yeezy Boost 350 Pirate Black (2016),YZY350-PRTBLK16,a/images/sneakers/adidas/yeezy/YZY350-PRTBLK16.jpg,02/19/2016,$200,BB5350,PIRATE BLACK/PIRATE BLACK-PIRATE BLACK
https://stockx.com/adidas-yeezy-boost-350-oxford-tan,adidas Yeezy Boost 350 Oxford Tan,YZY350-OXTAN,a/images/sneakers/adidas/yeezy/YZY350-OXTAN.jpg,12/29/2015,$200,AQ2661,LIGHT STONE/OXFORD TAN-LIGHT STONE
https://stockx.com/adidas-yeezy-boost-750-triple-black,adidas Yeezy Boost 750 Triple Black,YZY750-BLACK,a/images/sneakers/adidas/yeezy/YZY750-BLACK.jpg,12/19/2015,$350,BB1839,BLACK/BLACK-BLACK
https://stockx.com/adidas-yeezy-boost-350-moonrock,adidas Yeezy Boost 350 Moonrock,YZY350-MNRCK,a/images/sneakers/adidas/yeezy/YZY350-MNRCK.jpg,11/14/2015,$200,AQ2660,AGATE GRAY/MOONROCK-AGATE GRAY
https://stockx.com/adidas-yeezy-boost-950-chocolate,adidas Yeezy Boost 950 Chocolate,YZY950-CHOCO,a/images/sneakers/adidas/yeezy/YZY950-CHOCO.jpg,10/29/2015,$585,AQ4830,CHOCOLATE/CHOCOLATE-CHOCOLATE
https://stockx.com/adidas-yeezy-boost-950-pirate-black-w,adidas Yeezy Boost 950 Pirate Black (W),YZY950-PRTBLKW,a/images/sneakers/adidas/yeezy/YZY950-PRTBLKW.jpg,10/29/2015,$625,AQ4837,PIRATE BLACK/PIRATE BLACK-PIRATE BLACK
https://stockx.com/adidas-yeezy-boost-950-moonrock,adidas Yeezy Boost 950 Moonrock,YZY950-MNRCK,a/images/sneakers/adidas/yeezy/YZY950-MNRCK.jpg,10/29/2015,$585,AQ4829,MOONROCK/MOONROCK-MOONROCK
https://stockx.com/adidas-yeezy-boost-950-peyote,adidas Yeezy Boost 950 Peyote,YZY950-PEYOTE,a/images/sneakers/adidas/yeezy/YZY950-PEYOTE.jpg,10/29/2015,$585,AQ4828,PEYOTE/PEYOTE-PEYOTE
https://stockx.com/adidas-yeezy-boost-950-moonrock-w,adidas Yeezy Boost 950 Moonrock (W),YZY950-MNRCKW,a/images/sneakers/adidas/yeezy/YZY950-MNRCKW.jpg,10/29/2015,$625,AQ4836,MOONROCK/MOONROCK-MOONROCK
https://stockx.com/adidas-yeezy-boost-950-pirate-black,adidas Yeezy Boost 950 Pirate Black,YZY950-PRTBLK,a/images/sneakers/adidas/yeezy/YZY950-PRTBLK.jpg,10/29/2015,$585,AQ4831,PIRATE BLACK/PIRATE BLACK-PIRATE BLACK
https://stockx.com/adidas-yeezy-boost-950-turtle-w,adidas Yeezy Boost 950 Turtle (W),YZY950-TRTLW,a/images/sneakers/adidas/yeezy/YZY950-TRTLW.jpg,10/29/2015,$625,AQ4835,TURTLE/TURTLE-TURTLE
https://stockx.com/adidas-yeezy-boost-350-pirate-black-2015,adidas Yeezy Boost 350 Pirate Black (2015),YZY350-PRTBLK,a/images/sneakers/adidas/yeezy/YZY350-PRTBLK.jpg,08/22/2015,$200,AQ2659,PIRATE BLACK/PIRATE BLACK-PIRATE BLACK
https://stockx.com/adidas-yeezy-boost-350-turtledove,adidas Yeezy Boost 350 Turtledove,YZY350-TRTLDV,a/images/sneakers/adidas/yeezy/YZY350-TRTLDV.jpg,06/27/2015,$200,AQ4832,
https://stockx.com/adidas-yeezy-boost-750-light-brown,adidas Yeezy Boost 750 OG Light Brown,YZY750-BROWN,a/images/sneakers/adidas/yeezy/YZY750-BROWN.jpg,02/14/2015,$350,B35309,BROWN/CARBON WHITE-LIGHT BROWN
